{
    "x": -2.4353439807891847,
    "y": 0.09289227426052094,
    "z": -17.331377029418947
}