{
    "_scrollingText": {
        "instanceID": 15388
    },
    "_scrollingTextColor": {
        "r": 0.9433962106704712,
        "g": 0.29741355776786806,
        "b": 0.2358490526676178,
        "a": 1.0
    },
    "_health": 81.25146484375,
    "_mana": 100.0,
    "_lvl": 1,
    "_exp": 0.0
}