{
    "x": -6.326515197753906,
    "y": 0.1739765703678131,
    "z": -5.0072221755981449
}