{
    "x": -83.44129180908203,
    "y": -3.7233314514160158,
    "z": 20.947298049926759
}