{
    "x": -7.718062877655029,
    "y": 0.19663922488689423,
    "z": -8.798260688781739
}