{
    "x": -5.087835788726807,
    "y": 0.13454020023345948,
    "z": -16.512081146240236
}