{
    "x": 0.44821256399154665,
    "y": 0.16763058304786683,
    "z": 14.872292518615723
}