{
    "x": -8.299915313720704,
    "y": 0.16860607266426087,
    "z": -11.599263191223145
}