{"cameraMode":{"drawMode":0,"name":"Shaded","section":"Shading Mode"},"sceneLighting":false,"audioPlay":false,"sceneViewState":{"showFog":true,"showMaterialUpdate":true,"showSkybox":false,"showFlares":true,"showImageEffects":true,"showParticleSystems":true},"in2DMode":false,"pivot":{"x":-3.02994441986084,"y":3.0338425636291506,"z":-16.08104705810547},"rotation":{"x":0.14251384139060975,"y":-0.7841663360595703,"z":0.19616569578647614,"w":0.5718542337417603},"size":5.596900463104248,"orthographic":false}