{"cameraMode":{"drawMode":0,"name":"Shaded","section":"Shading Mode"},"sceneLighting":true,"audioPlay":false,"sceneViewState":{"showFog":true,"showMaterialUpdate":true,"showSkybox":true,"showFlares":true,"showImageEffects":true,"showParticleSystems":true},"in2DMode":false,"pivot":{"x":-1.3492891788482667,"y":4.667529582977295,"z":-25.514009475708009},"rotation":{"x":-0.3868659734725952,"y":0.14166289567947389,"z":-0.060931190848350528,"w":-0.9093912243843079},"size":7.450225353240967,"orthographic":false}