{"cameraMode":{"drawMode":0,"name":"Shaded","section":"Shading Mode"},"sceneLighting":true,"audioPlay":false,"sceneViewState":{"showFog":true,"showMaterialUpdate":true,"showSkybox":true,"showFlares":true,"showImageEffects":true,"showParticleSystems":true},"in2DMode":false,"pivot":{"x":-22.478578567504884,"y":1.2397657632827759,"z":25.290250778198243},"rotation":{"x":0.05650908127427101,"y":0.9101840257644653,"z":-0.39039236307144167,"w":0.12931212782859803},"size":40.50314712524414,"orthographic":false}