{"cameraMode":{"drawMode":0,"name":"Shaded","section":"Shading Mode"},"sceneLighting":false,"audioPlay":false,"sceneViewState":{"showFog":true,"showMaterialUpdate":true,"showSkybox":false,"showFlares":true,"showImageEffects":true,"showParticleSystems":true},"in2DMode":false,"pivot":{"x":-6.039999961853027,"y":-0.6399999856948853,"z":-39.439998626708987},"rotation":{"x":0.24546988308429719,"y":0.2274709790945053,"z":-0.059371836483478549,"w":0.9404754638671875},"size":2.8578836917877199,"orthographic":false}