{"cameraMode":{"drawMode":0,"name":"Shaded","section":"Shading Mode"},"sceneLighting":true,"audioPlay":false,"sceneViewState":{"showFog":true,"showMaterialUpdate":true,"showSkybox":true,"showFlares":true,"showImageEffects":true,"showParticleSystems":true},"in2DMode":false,"pivot":{"x":-8.691937446594239,"y":29.202354431152345,"z":-42.196136474609378},"rotation":{"x":0.27356481552124026,"y":0.07279074937105179,"z":-0.02031322568655014,"w":0.9591242074966431},"size":22.0,"orthographic":false}