{"cameraMode":{"drawMode":0,"name":"Shaded","section":"Shading Mode"},"sceneLighting":false,"audioPlay":false,"sceneViewState":{"showFog":true,"showMaterialUpdate":true,"showSkybox":false,"showFlares":true,"showImageEffects":true,"showParticleSystems":true},"in2DMode":false,"pivot":{"x":-3.215461254119873,"y":2.7373464107513429,"z":-16.03225326538086},"rotation":{"x":0.15612593293190003,"y":-0.6173985004425049,"z":0.1273418813943863,"w":0.7607176303863525},"size":1.396899938583374,"orthographic":false}