{"cameraMode":{"drawMode":0,"name":"Shaded","section":"Shading Mode"},"sceneLighting":false,"audioPlay":false,"sceneViewState":{"showFog":true,"showMaterialUpdate":true,"showSkybox":false,"showFlares":true,"showImageEffects":true,"showParticleSystems":true},"in2DMode":false,"pivot":{"x":-7.166366100311279,"y":-0.4076822102069855,"z":-40.947242736816409},"rotation":{"x":-0.13172779977321626,"y":0.054092973470687869,"z":-0.007198341190814972,"w":-0.9897858500480652},"size":5.596899032592773,"orthographic":false}