{"cameraMode":{"drawMode":0,"name":"Shaded","section":"Shading Mode"},"sceneLighting":false,"audioPlay":false,"sceneViewState":{"showFog":true,"showMaterialUpdate":true,"showSkybox":false,"showFlares":true,"showImageEffects":true,"showParticleSystems":true},"in2DMode":false,"pivot":{"x":-5.264108657836914,"y":2.794584274291992,"z":-5.417672634124756},"rotation":{"x":-0.01120762899518013,"y":0.9411634206771851,"z":-0.031361065804958346,"w":-0.33631590008735659},"size":3.1443052291870119,"orthographic":false}