{"cameraMode":{"drawMode":0,"name":"Shaded","section":"Shading Mode"},"sceneLighting":false,"audioPlay":false,"sceneViewState":{"showFog":true,"showMaterialUpdate":true,"showSkybox":false,"showFlares":true,"showImageEffects":true,"showParticleSystems":true},"in2DMode":false,"pivot":{"x":-22.517131805419923,"y":0.6155261993408203,"z":-1.945000171661377},"rotation":{"x":0.06136947125196457,"y":-0.9185921549797058,"z":0.15434883534908296,"w":0.3595677614212036},"size":15.732519149780274,"orthographic":false}