{"cameraMode":{"drawMode":0,"name":"Shaded","section":"Shading Mode"},"sceneLighting":true,"audioPlay":false,"sceneViewState":{"showFog":true,"showMaterialUpdate":true,"showSkybox":true,"showFlares":true,"showImageEffects":true,"showParticleSystems":true},"in2DMode":false,"pivot":{"x":454.92999267578127,"y":50.880638122558597,"z":0.0},"rotation":{"x":-0.013823001645505429,"y":-0.019434714689850808,"z":-0.00024304018006660044,"w":-0.9999003410339356},"size":466.2773742675781,"orthographic":false}