{"cameraMode":{"drawMode":0,"name":"Shaded","section":"Shading Mode"},"sceneLighting":true,"audioPlay":false,"sceneViewState":{"showFog":true,"showMaterialUpdate":true,"showSkybox":true,"showFlares":true,"showImageEffects":true,"showParticleSystems":true},"in2DMode":false,"pivot":{"x":12.80636215209961,"y":29.139434814453126,"z":11.420221328735352},"rotation":{"x":0.2797349691390991,"y":-0.15054656565189362,"z":0.04282702878117561,"w":0.9475778937339783},"size":5.542635917663574,"orthographic":false}