{"cameraMode":{"drawMode":0,"name":"Shaded","section":"Shading Mode"},"sceneLighting":false,"audioPlay":false,"sceneViewState":{"showFog":true,"showMaterialUpdate":true,"showSkybox":false,"showFlares":true,"showImageEffects":true,"showParticleSystems":true},"in2DMode":false,"pivot":{"x":64.51976776123047,"y":-62.69403839111328,"z":30.345813751220704},"rotation":{"x":-0.29582953453063967,"y":-0.4253759980201721,"z":0.14942841231822968,"w":-0.8421670794487},"size":123.21219635009766,"orthographic":false}