{"cameraMode":{"drawMode":0,"name":"Shaded","section":"Shading Mode"},"sceneLighting":false,"audioPlay":false,"sceneViewState":{"showFog":true,"showMaterialUpdate":true,"showSkybox":false,"showFlares":true,"showImageEffects":true,"showParticleSystems":true},"in2DMode":false,"pivot":{"x":-2.6825814247131349,"y":3.201429605484009,"z":-12.734992980957032},"rotation":{"x":0.006414313800632954,"y":-0.9932947158813477,"z":0.07648809999227524,"w":0.08909544348716736},"size":1.396899938583374,"orthographic":false}