{"cameraMode":{"drawMode":0,"name":"Shaded","section":"Shading Mode"},"sceneLighting":false,"audioPlay":false,"sceneViewState":{"showFog":true,"showMaterialUpdate":true,"showSkybox":false,"showFlares":true,"showImageEffects":true,"showParticleSystems":true},"in2DMode":false,"pivot":{"x":459.3024597167969,"y":366.5244140625,"z":0.0},"rotation":{"x":0.0138158043846488,"y":0.0005243420600891113,"z":0.00040873559191823006,"w":1.0000849962234498},"size":993.671142578125,"orthographic":false}