{"cameraMode":{"drawMode":0,"name":"Shaded","section":"Shading Mode"},"sceneLighting":false,"audioPlay":false,"sceneViewState":{"showFog":true,"showMaterialUpdate":true,"showSkybox":false,"showFlares":true,"showImageEffects":true,"showParticleSystems":true},"in2DMode":false,"pivot":{"x":6.985198974609375,"y":18.019742965698243,"z":101.57353210449219},"rotation":{"x":0.16158267855644227,"y":0.2887389361858368,"z":-0.04950743913650513,"w":0.9423836469650269},"size":1353.454345703125,"orthographic":false}