{"cameraMode":{"drawMode":0,"name":"Shaded","section":"Shading Mode"},"sceneLighting":false,"audioPlay":false,"sceneViewState":{"showFog":true,"showMaterialUpdate":true,"showSkybox":false,"showFlares":true,"showImageEffects":true,"showParticleSystems":true},"in2DMode":false,"pivot":{"x":494.3005676269531,"y":271.68060302734377,"z":-0.287109375},"rotation":{"x":-0.0056859287433326248,"y":0.003515570191666484,"z":0.00043833034578710794,"w":1.0001616477966309},"size":424.2705993652344,"orthographic":false}