{"cameraMode":{"drawMode":0,"name":"Shaded","section":"Shading Mode"},"sceneLighting":true,"audioPlay":false,"sceneViewState":{"showFog":true,"showMaterialUpdate":true,"showSkybox":true,"showFlares":true,"showImageEffects":true,"showParticleSystems":true},"in2DMode":false,"pivot":{"x":25.748517990112306,"y":-38.33473205566406,"z":33.71235275268555},"rotation":{"x":-0.241689994931221,"y":-0.7452911734580994,"z":0.3505793809890747,"w":-0.5132600665092468},"size":85.07551574707031,"orthographic":false}