{"cameraMode":{"drawMode":0,"name":"Shaded","section":"Shading Mode"},"sceneLighting":false,"audioPlay":false,"sceneViewState":{"showFog":true,"showMaterialUpdate":true,"showSkybox":false,"showFlares":true,"showImageEffects":true,"showParticleSystems":true},"in2DMode":false,"pivot":{"x":10.300000190734864,"y":9.199999809265137,"z":-63.16999816894531},"rotation":{"x":0.4418638050556183,"y":0.030122317373752595,"z":-0.015690814703702928,"w":0.8968250751495361},"size":22.0,"orthographic":false}