{"cameraMode":{"drawMode":0,"name":"Shaded","section":"Shading Mode"},"sceneLighting":false,"audioPlay":false,"sceneViewState":{"showFog":true,"showMaterialUpdate":true,"showSkybox":false,"showFlares":true,"showImageEffects":true,"showParticleSystems":true},"in2DMode":false,"pivot":{"x":-5.805029392242432,"y":1.68720543384552,"z":-2.704657554626465},"rotation":{"x":0.00040723636629991233,"y":0.9995540976524353,"z":0.025184502825140954,"w":-0.01619347557425499},"size":3.1443052291870119,"orthographic":false}