{"cameraMode":{"drawMode":0,"name":"Shaded","section":"Shading Mode"},"sceneLighting":true,"audioPlay":false,"sceneViewState":{"showFog":true,"showMaterialUpdate":true,"showSkybox":true,"showFlares":true,"showImageEffects":true,"showParticleSystems":true},"in2DMode":false,"pivot":{"x":-7.950845718383789,"y":-0.6882553100585938,"z":-6.2108073234558109},"rotation":{"x":-0.46448659896850588,"y":0.5312052369117737,"z":-0.4574861526489258,"w":-0.5418187975883484},"size":20.89177894592285,"orthographic":false}