{"cameraMode":{"drawMode":0,"name":"Shaded","section":"Shading Mode"},"sceneLighting":false,"audioPlay":false,"sceneViewState":{"showFog":true,"showMaterialUpdate":true,"showSkybox":false,"showFlares":true,"showImageEffects":true,"showParticleSystems":true},"in2DMode":false,"pivot":{"x":2.6700000762939455,"y":-6.880000114440918,"z":-10.90999984741211},"rotation":{"x":0.4418638050556183,"y":0.030122317373752595,"z":-0.015690814703702928,"w":0.8968250751495361},"size":0.00007128082506824285,"orthographic":false}