{"cameraMode":{"drawMode":0,"name":"Shaded","section":"Shading Mode"},"sceneLighting":false,"audioPlay":false,"sceneViewState":{"showFog":true,"showMaterialUpdate":true,"showSkybox":false,"showFlares":true,"showImageEffects":true,"showParticleSystems":true},"in2DMode":false,"pivot":{"x":-2.1590003967285158,"y":-0.3500000238418579,"z":7.8209991455078129},"rotation":{"x":-0.40259093046188357,"y":-0.38999953866004946,"z":0.1950833946466446,"w":-0.8048600554466248},"size":88.4361572265625,"orthographic":false}