{"cameraMode":{"drawMode":0,"name":"Shaded","section":"Shading Mode"},"sceneLighting":true,"audioPlay":false,"sceneViewState":{"showFog":true,"showMaterialUpdate":true,"showSkybox":true,"showFlares":true,"showImageEffects":true,"showParticleSystems":true},"in2DMode":false,"pivot":{"x":-1.4610391855239869,"y":0.8536458015441895,"z":-25.068180084228517},"rotation":{"x":-0.1533709615468979,"y":-0.3824446201324463,"z":0.06370712071657181,"w":-0.909156858921051},"size":5.291996479034424,"orthographic":false}