{"cameraMode":{"drawMode":0,"name":"Shaded","section":"Shading Mode"},"sceneLighting":false,"audioPlay":false,"sceneViewState":{"showFog":true,"showMaterialUpdate":true,"showSkybox":false,"showFlares":true,"showImageEffects":true,"showParticleSystems":true},"in2DMode":false,"pivot":{"x":0.043016672134399417,"y":0.740716814994812,"z":-59.969810485839847},"rotation":{"x":-0.2597881555557251,"y":0.6773766279220581,"z":-0.2798737585544586,"w":-0.6287667751312256},"size":4.5025458335876469,"orthographic":false}