{"cameraMode":{"drawMode":0,"name":"Shaded","section":"Shading Mode"},"sceneLighting":true,"audioPlay":false,"sceneViewState":{"showFog":true,"showMaterialUpdate":true,"showSkybox":true,"showFlares":true,"showImageEffects":true,"showParticleSystems":true},"in2DMode":false,"pivot":{"x":571.4725952148438,"y":344.81005859375,"z":31.1226806640625},"rotation":{"x":0.02881791442632675,"y":0.008135939948260785,"z":0.0001238305412698537,"w":0.9997898936271668},"size":629.5637817382813,"orthographic":false}