{"cameraMode":{"drawMode":0,"name":"Shaded","section":"Shading Mode"},"sceneLighting":true,"audioPlay":false,"sceneViewState":{"showFog":true,"showMaterialUpdate":true,"showSkybox":true,"showFlares":true,"showImageEffects":true,"showParticleSystems":true},"in2DMode":false,"pivot":{"x":-22.46701431274414,"y":15.464905738830567,"z":16.246864318847658},"rotation":{"x":0.0520663820207119,"y":-0.27587035298347475,"z":0.015417308546602726,"w":0.9599031209945679},"size":77.76337432861328,"orthographic":false}