{"cameraMode":{"drawMode":0,"name":"Shaded","section":"Shading Mode"},"sceneLighting":false,"audioPlay":false,"sceneViewState":{"showFog":true,"showMaterialUpdate":true,"showSkybox":false,"showFlares":true,"showImageEffects":true,"showParticleSystems":true},"in2DMode":false,"pivot":{"x":909.2012329101563,"y":252.77874755859376,"z":0.0},"rotation":{"x":0.03180452808737755,"y":-0.014463324099779129,"z":0.0008766854298301041,"w":0.999570369720459},"size":457.18341064453127,"orthographic":false}