{"cameraMode":{"drawMode":0,"name":"Shaded","section":"Shading Mode"},"sceneLighting":true,"audioPlay":false,"sceneViewState":{"showFog":true,"showMaterialUpdate":true,"showSkybox":true,"showFlares":true,"showImageEffects":true,"showParticleSystems":true},"in2DMode":false,"pivot":{"x":0.029812688007950784,"y":1.86795175075531,"z":4.673028945922852},"rotation":{"x":-0.06328629702329636,"y":-0.01440382655709982,"z":0.00027029402554035187,"w":-0.9981086254119873},"size":34.10197448730469,"orthographic":false}