{"cameraMode":{"drawMode":0,"name":"Shaded","section":"Shading Mode"},"sceneLighting":true,"audioPlay":false,"sceneViewState":{"showFog":true,"showMaterialUpdate":true,"showSkybox":true,"showFlares":true,"showImageEffects":true,"showParticleSystems":true},"in2DMode":false,"pivot":{"x":-11.93453598022461,"y":11.118257522583008,"z":-6.380009174346924},"rotation":{"x":0.24671374261379243,"y":0.6047238707542419,"z":-0.2040124088525772,"w":0.7295116186141968},"size":6.243048667907715,"orthographic":false}