{
    "x": -86.43846130371094,
    "y": 0.2871743142604828,
    "z": 163.021484375
}