{
    "x": -2.770484685897827,
    "y": 0.0857815369963646,
    "z": -19.222875595092775
}